{"cameraMode":{"drawMode":0,"name":"Shaded","section":"Shading Mode"},"sceneLighting":true,"audioPlay":false,"sceneViewState":{"m_AlwaysRefresh":false,"showFog":true,"showSkybox":true,"showFlares":true,"showImageEffects":true,"showParticleSystems":true,"showVisualEffectGraphs":true,"m_FxEnabled":true},"in2DMode":false,"pivot":{"x":6.094794273376465,"y":-0.26459527015686037,"z":-12.497794151306153},"rotation":{"x":0.004660995211452246,"y":0.9951153993606567,"z":-0.05828085541725159,"w":0.07957538962364197},"size":6.934093475341797,"orthographic":true}